{"linear": {"1": [4.021796075613958, 0.11803833567567389, 0.11803408730319982, 4.022284590081598, 4.021770978169751, 0.11803930569608166, 0.11803544549316818, 0.11803438462766534, 0.11803496503744662, 0.11803489635054465, 0.11803434744785504, 0.11803622568349596, 0.11823356139586055, 0.11803418223809463, 0.11803463986270887, 0.11803417736217096, 0.11803424515344488, 0.1181385401837405, 0.11803520436733128, 0.11803427820389696, 0.11803430137951672, 0.11803416200476685, 0.11860998666047634, 0.11832925635434041, 0.11804222866795924, 0.11803424161661272, 0.11805819563348097, 0.1180341476108925, 0.11803415612445556, 4.0213045239020335, 0.11803557027483927, 0.11803664219480486, 0.11803428641134475, 4.0217545468169185, 0.11815956071832208, 0.11803503363977215, 0.11803786296148794, 0.11803430366432587, 0.11820946391155651, 0.11803410107603465, 0.11803411787443241, 0.11803732227302, 0.11803539556849064, 0.11803403060800956, 0.11812350595044457, 0.1180341419212528, 0.11803407369367935, 0.11808502138424076, 0.11803419852393333, 0.11809539020269402], "2": [0.11872308029363954, 0.11938094077545959, 0.12168930991380669, 0.12217255590190267, 0.11945610835577317, 0.12509320312050737, 0.11967659375597804, 0.11803843565320905, 0.11989209980878227, 0.1204632806271387, 0.120473670279278, 0.11823693108318525, 0.11861567425512443, 0.1180366292046676, 0.11867979328857235, 0.12846862808198675, 0.12368880990497814, 0.11917211944391923, 0.11809967734361758, 0.12020598397037903, 0.11808402383509595, 0.12026259397800727, 0.11862051685980052, 0.11898149852787591, 0.12227860435560946, 0.12120817660481124, 0.12041451409216904, 0.003813989779543135, 0.11915759979480404, 0.11959879423112021, 0.11958688194832169, 0.11821213242231454, 0.1209554933453321, 0.12222141783858528, 0.12406824522706722, 0.11819647427074025, 0.12006238925998793, 0.11890140568621589, 0.12050300963523632, 0.12049745667048717, 0.11885585822503188, 0.12317189788374096, 0.11910638872945135, 0.12497237131342515, 0.12004597185344658, 0.11965458514522867, 0.1180410374270324, 0.11858018607902594, 0.11816003826356117, 0.1201749025090192], "4": [0.34431612156597524, 0.10576484447231407, 1.3597486796259721, 0.25580362409728974, 0.1646307664278298, 0.12395854498650338, 0.176308040125844, 0.13683237800724343, 0.15555255720907693, 0.13555912353946223, 0.015559201072587906, 0.20969737314607945, 0.14743676425226004, 0.1800116520372503, 1.5377976784513434, 1.6535608598031812, 0.6291430451814326, 0.1453298159853724, 0.1434872014849198, 0.2892286144172725, 0.1377089393609434, 0.23858535676730103, 0.3504050704403994, 0.22555536498020537, 0.14172012120510802, 0.20643785326439235, 0.19943403475808083, 0.26112590160319415, 0.21669201769146829, 1.1145012811615327, 0.3626497337361791, 0.14988069083552671, 0.22002379419772644, 0.14241628866025577, 0.14324479911380542, 0.4401252567674157, 1.0842761113770842, 0.13072189790801916, 0.2997863629496631, 0.1276586111409295, 0.13045873699032356, 0.6278667862969349, 0.16035504200494088, 0.20567088738938932, 0.13992404345771753, 0.15437755388743857, 0.38494470278808357, 0.19062056845918698, 0.18136633496036528, 1.3365789327914033], "8": [1.857383625142664, 3.9382128590185403, 2.668593580979208, 4.29569761168476, 3.7297057747681897, 5.0249663065674826, 2.4437364309706493, 2.2097238321813535, 3.711092944482583, 1.9529483681124484, 2.5176079142703633, 4.802797977588829, 2.7718007952898818, 1.1010829752973637, 2.5996813304637425, 3.4890400473818417, 2.5499731398821814, 4.437824091628263, 2.5352027349777284, 2.0211236290661363, 2.806071011300876, 3.685630049176997, 1.0057606626221445, 4.690927709340173, 3.3541289946388977, 1.6741268271749945, 3.249920306652195, 4.414884233233049, 1.0278372124592297, 2.030620432027265, 2.9035758018490005, 2.226915288176574, 2.729482232170145, 0.9232637198169198, 4.428967476728679, 1.7196662345400011, 2.7847168932529014, 3.9878859211781004, 4.862256291014201, 1.4969749462593263, 2.82085741050012, 2.3566105816871565, 2.5838304167677992, 1.2171337977070336, 5.796540015137075, 2.491615506512945, 2.8141029812201315, 2.1029680317872486, 1.6412644108047836, 2.633516997282864]}, "reverse_linear": {"1": [0.11803707026798099, 0.11803405190323853, 0.11803410327844478, 0.11803565541127171, 0.11803487306821743, 0.11809363877792602, 0.11804265362463295, 0.11803660917722955, 0.11809488129086675, 0.11803408760297247, 0.11803409203450133, 0.1180348634981847, 0.1180342203066459, 0.11803405851647573, 0.11806508237547642, 0.11842091296555829, 0.11804570101109747, 0.11803412803698676, 0.11804537749994683, 0.11803413424500936, 0.11803476028479049, 0.11803528999559756, 0.1180537767867866, 0.11822588395707317, 0.11809899631280099, 0.11804121679703063, 0.11803410308657702, 0.11805380168073605, 0.11803659941292001, 4.021893023822573, 0.11839597141966669, 0.11805844325558923, 0.11803406433955659, 0.11803763684060581, 0.11803633936613195, 0.11819316087448177, 0.11803415723681035, 0.1180340688478396, 0.11803795144710662, 0.11803580765032966, 0.11803408706039045, 4.02192461073453, 0.11803406228206852, 0.11803420507440944, 0.1180340901710532, 0.11803408667552096, 0.11803517709131252, 0.11803522545024757, 0.11803425641739158, 0.11845577529220823], "2": [0.12125077146628127, 0.12282730884892593, 0.11918357398071615, 0.11808290278148187, 0.10190002507217172, 0.1199397037959606, 0.11856312340217648, 0.11844750550242439, 0.12196090503288602, 0.12068159764498447, 0.11961743157975853, 0.11807963682533625, 0.11908184027030941, 0.12229643197151996, 0.12265394920490913, 0.12229574741786442, 0.12017148436289243, 0.11977875461225021, 0.11932388750767599, 0.11836493130453413, 0.1186915816195356, 0.11943241583698061, 0.11820613088835587, 0.1207114412134112, 0.1183534764731149, 0.12005792547649512, 0.11849617824970206, 1.1392591612437732, 0.11817942738737072, 0.11805151364857007, 0.11818234054085541, 0.11921137994217554, 0.1180539834758975, 0.11825087523980879, 0.11868179032580518, 0.11860146854447123, 0.11969952252924942, 0.1227836262085803, 0.11899708164137535, 0.001708909343580596, 0.1182157705824919, 0.11886401754219318, 0.12120925140940503, 0.125808504669085, 0.12783244929123547, 0.11932474633648116, 0.12055506762541593, 0.1190813954630278, 0.11868329206039517, 0.11808574453584048], "4": [0.14645716597123723, 0.14128830092258074, 0.17958046281715023, 0.170223458201726, 0.31767245217250056, 0.1737340855960356, 1.0639151021405764, 0.5373208679216509, 0.20615884018255765, 0.16789212405204423, 0.1343567284885501, 0.13597062666712698, 0.13200935983552248, 0.13790822992735308, 0.14540684429596504, 0.15928421730809228, 0.17275332513632058, 0.505604513088795, 0.13272977316601994, 1.2577868614649528, 0.15637532989040703, 0.571653852100047, 0.20752464185988345, 0.19035599747352305, 0.12532153338594323, 0.753214652240835, 0.17828863389317492, 0.1417088124909938, 0.15804842757982135, 0.24991768931315783, 1.0546986705235404, 0.2311361458803709, 0.11976676794620943, 0.16135778561528694, 0.13624923623161073, 0.13499335419283565, 0.13950717419643344, 0.33565225814158073, 0.13606149911294285, 0.1482099108802904, 0.1277581300031066, 0.14677000600761922, 0.43612431437948773, 0.1401116251088578, 0.13500312144348095, 0.293746618807164, 0.16171872512713986, 0.21096247042237876, 0.2103385202526456, 0.1350824439566067],