{"linear": {"1": {"eigenvalues": [0.11803399006076956, 0.11803398985881143, 0.11804587079837281, 0.11803399348633346, 0.11803398898937625, 0.11803399398921441, 4.021767433293846, 0.11803399218385818, 0.1180339899595908, 0.11803398898965839, 0.11803398899255031, 0.11803398898995537, 0.11803400880856292, 0.11803399122508573, 0.11803420206937655, 0.11803398911227445, 4.021936963846225, 0.11803398898929847, 0.11803434624217911, 0.11803398898940516], "iters": [2000, 2000, 2000, 2000, 2000, 2000, 2000, 1492, 2000, 2000, 2000, 2000, 2000, 2000, 2000, 2000, 2000, 2000, 2000, 1875]}, "2": {"eigenvalues": [0.11803399537844646, 0.11803399537841501, 0.11803399227662306, 1.9794772049309893e-06, 0.0009434848458342214, 0.1182378341559541, 0.11803399060820359, 0.11823808258879324, 0.1181534419349614, 0.11803721913604741, 0.10524128430668127, 0.11803399537837561, 0.11803399587545009, 0.11803402871454668, 0.1180339889988508, 9.573010350880833e-05, 0.11803400996183425, 0.11843689090965247, 0.1180483762839082, 0.1181481072722041], "iters": [2503, 2215, 4000, 4000, 4000, 4000, 4000, 4000, 4000, 4000, 4000, 2108, 4000, 4000, 3734, 4000, 4000, 4000, 4000, 4000]}, "3": {"eigenvalues": [3.643074977352701e-05, 1.436749747061246, 0.11820733214067425, 0.00012419815586803937, 1.1080951751717314e-05, 0.11820915124443865, 0.0011505802731402095, 8.279822221098978e-08, 0.11819500554797442, 0.11729539857890885, 0.1179189784372702, 1.1185639751163738, 0.09325133012017668, 0.118036202608459, 0.11803399580656103, 0.11834772924199546, 0.08080720946909213, 8.256399185809648e-07, 1.5417371709526293e-05, 0.11791191835624314], "iters": [6000, 6000, 6000, 6000, 6000, 6000, 6000, 6000, 6000, 6000, 6000, 6000, 6000, 6000, 6000, 6000, 6000, 6000, 6000, 6000]}, "4": {"eigenvalues": [0.11803401199404022, 0.1110505252159095, 0.11824949687777621, 0.0006868976203568185, 0.0013161307201754074, 0.6309062619263688, 0.11614492483042271, 0.02592943456782147, 0.025341920874255276, 0.11805809808284791, 0.10053558979881957, 0.10656339131562056, 0.11755065270703861, 0.0006924820523984098, 0.11803400579093853, 0.11803399490651505, 0.11813669721845006, 0.0016677595009601854, 0.089294551824444, 3.896626794859709e-05], "iters": [8000, 8000, 8000, 8000, 8000, 8000, 8000, 8000, 8000, 8000, 8000, 8000, 8000, 8000, 8000, 8000, 8000, 8000, 8000, 8000]}}, "reverse_linear": {"1": {"eigenvalues": [0.11803398898942753, 0.11806784552638619, 4.02176422423437, 0.11803398898941993, 0.11803399129582597, 0.1180341098221705, 0.11803398898943938, 0.11803398898945279, 0.11803398900503706, 0.11803399225532078, 0.11804459665380748, 0.11803398898957695, 0.11807757063281091, 0.11803398899061973, 0.11803398898938826, 0.11803398898935474, 0.1180339889893065, 0.11803398899147337, 0.11803515392179864, 0.11803430757161956], "iters": [1980, 2000, 2000, 2000, 2000, 2000, 2000, 1877, 2000, 2000, 2000, 2000, 2000, 2000, 2000, 1965, 1454, 2000, 2000, 2000]}, "2": {"eigenvalues": [0.11830159027907967, 0.1180339953784621, 0.11803399392037989, 0.11815379890096268, 0.11803401063037328, 0.11810176522776225, 0.11803400738968507, 0.11805610031509668, 0.11787732328424237, 0.11803399837701432, 0.11825157427562696, 0.1180339982819783, 0.1180346268667622, 0.11821517355844266, 0.11803538045509358, 0.11813621039568319, 0.1180339893224973, 0.11808712516327462, 0.11803399219197923, 0.11806129690144118], "iters": [4000, 3050, 3542, 4000, 4000, 4000, 4000, 4000, 4000, 4000, 4000, 4000, 4000, 4000, 4000, 4000, 3520, 4000, 4000, 4000]}, "3": {"eigenvalues": [0.11805205561154115, 0.11803910868391945, 1.7972354050863186, 0.11826402799394163, 0.11842963137839768, 0.11814853031143728, 0.11806418180823398, 0.11803414179937385, 0.11803399222306715, 0.11804223403717251, 0.11803431067490565, 0.11803398902299184, 0.11821064769635782, 0.1180644839029872, 0.11824552759758421, 0.11803399172472237, 0.11803408945650484, 0.11807590274305488, 0.11803399705071328, 0.11803583384725799], "iters": [6000, 6000, 6000, 6000, 6000, 6000, 6000, 6000, 6000, 6000, 6000, 6000, 6000, 6000, 6000, 6000, 6000, 6000, 6000, 6000]}, "4": {"eigenvalues": [0.11826900907505394, 0.1183959513803889, 0.11804832841043023, 0.11803573083021497, 0.11803948504574448, 0.11836242995391048, 0.118079205172252, 0.11814120423241296, 0.11769988583085605, 0.11814867369324572, 0.11812664919174036, 0.11842306194993416, 0.11808159028120482, 0.11803406734307313, 0.11803515409120151, 2.28878671212937, 9.9719388355026e-07, 0.07907661612661386, 0.11860904517327434, 0.11803399537493314], "iters": [8000, 8000, 8000, 8000, 8000, 8000, 8000, 8000, 8000, 8000, 8000, 8000, 8000, 8000, 8000, 8000, 8000, 8000, 8000, 8000]}}, "circular": {"1": {"eigenvalues": [1.1770834694651422, 1.1775124694702899, 1.1773197574482788, 1.177185390207642, 0.11803399680135324, 1.1774841468860981, 0.11803398898939058, 1.175874097455779, 1.1775110067820278, 1.1773615180570174, 0.11803398898939202, 0.1180339955379535, 0.11803398898935671, 1.1770578017119886, 0.11803398899997894, 0.11803400365147612, 1.1770580374509785, 4.0218037384429115, 0.11803398898942989, 0.11803399179628762], "iters": [2000, 2000, 2000, 2000, 2000, 2000, 1880, 2000, 2000, 2000, 1938, 2000, 2000, 2000, 2000, 2000, 2000, 2000, 2000, 2000]}, "2": {"eigenvalues": [0.1180339969278921, 0.6180339921680702, 0.11803399592345211, 4.3848766142264444e-07, 7.464863911612746e-09, 0.118034003503852, 1.177064853327928, 2.6000369438947184e-08, 0.11803398898934038, 0.11803400867689323, 0.1180339889892487, 0.6180339921838175, 0.61803399218383, 0.1180339953785462, 1.1774926399348544, 0.11803309300214765, 0.11803399538233851, 0.11803399538611498, 1.9421760202987015e-08, 0.11839189579633977], "iters": [4000, 3346, 4000, 4000, 4000, 4000, 4000, 4000, 3821, 4000, 3684, 2928, 3289, 3527, 4000, 4000, 4000, 4000, 4000, 4000]}, "3": {"eigenvalues": [0.11803518754492656, 0.11803402346649469, 3.403785091925447e-05, 1.7422771205816558, 8.629461806844411e-06, 8.933939228367324e-05, 1.1186153990686494, 1.1180339921840787, 0.0022059655126950633, 3.9038350803968322, 0.11803390068207954, 2.252346339914621, 1.1751602995830515, 1.2508125134987748e-09, 0.11803411124081743, 1.4943606980139534e-06, 5.576223309102727e-07, 2.465428734939516e-10, 0.11798630436536438, 1.2939358592349864e-07], "iters": [6000, 6000, 6000, 6000, 6000, 6000, 6000, 4413, 6000, 6000, 6000, 6000, 6000, 6000, 6000, 6000, 6000, 6000, 6000, 6000]}, "4": {"eigenvalues": [0.11797031182215222, 2.1230188731624816e-05, 0.11803407243564197, 0.11800709334745847, 1.1185006501816748, 1.738811042431253, 0.11806043804143176, 0.0009209676998788612, 0.11803417870580128, 0.1180339958527432, 7.202160475237897e-07, 0.11734795783637691, 1.2557033894180388e-07, 0.0003482787511650004, 0.11794704812286189, 0.11815743758956827, 0.11813420243911724, 7.276120879648503e-05, 0.016227006468569602, 0.11803400023288971], "iters": [8000, 8000, 8000, 8000, 8000, 8000, 8000, 8000, 8000, 8000, 8000, 8000, 8000, 8000, 8000, 8000, 8000, 8000, 8000, 8000]}}, "sca": {"1": {"eigenvalues": [1.1775120380587158, 1.177419715825625, 0.11803398898943832, 0.11803398898934414, 1.1772580219349742, 0.11803399398040496, 0.11803398898949337, 1.1774907308385998, 1.1775109662667598, 1.177454530694164, 0.11803398898935599, 4.021754685127501, 0.11803398898939779, 1.177381835359377, 1.1773298523416849, 0.11803402006315176, 0.11803398898956487, 0.11803398898935998, 1.177070384481144, 0.11803398898942563], "iters": [2000, 2000, 2000, 2000, 2000, 2000, 2000, 2000, 2000, 2000, 1633, 2000, 2000, 2000, 2000, 2000, 2000, 2000, 2000, 2000]}, "2": {"eigenvalues": [0.11803399172681171, 0.11849946217227006, 0.11803572944682729, 0.11803019211408233, 1.73796101726798, 0.1180339889894612, 0.11812694666815876, 0.11803412577346087, 0.11803398898937548, 0.11803398898951782, 0.11795436230246321, 0.11760041189853757, 0.11803413608936399, 0.11112643209239337, 0.11803396831015334, 0.11803344824072183, 0.11803809025479332, 0.1180339902278347, 0.1180339951206351, 0.11803399218436296],