{"linear": {"1": [1.1250000000000058, 1.1250000000000038, 1.125000000000003, 1.1250000000000033, 1.1250000000000033, 1.1250000000000036, 1.125000000000003, 1.1250000000000049, 1.1250000000000022, 1.1250000000000024, 1.1250000000000038, 1.1250000000000038, 1.125000000000006, 1.1250000000000027, 1.125000000000004, 1.1250000000000044, 1.1250000000000042, 1.1250000000000044, 1.125000000000003, 1.125000000000004, 1.1250000000000049, 1.1250000000000038, 1.1250000000000044, 1.1250000000000056, 1.1250000000000049, 1.1250000000000013, 1.125000000000004, 1.1250000000000038, 1.1250000000000036, 1.1250000000000044, 1.1250000000000049, 1.1250000000000044, 1.1250000000000013, 1.125000000000002, 1.1250000000000049, 1.125000000000004, 1.125000000000003, 1.125000000000004, 1.1250000000000027, 1.125000000000004, 1.1250000000000044, 1.125000000000003, 1.1250000000000029, 1.1250000000000022, 1.1250000000000044, 1.125000000000003, 1.1250000000000018, 1.1250000000000036, 1.125000000000004, 1.1250000000000027], "2": [1.1250000000000069, 1.1250000000000067, 1.1250000000000056, 1.125000000000008, 1.125000000000008, 1.1250000000000073, 1.1250000000000067, 1.1250000000000069, 1.1250000000000062, 1.1250000000000069, 1.125000000000007, 1.1250000000000067, 1.1250000000000062, 1.1250000000000058, 1.1250000000000067, 1.1250000000000058, 1.1250000000000056, 1.1250000000000049, 1.1250000000000056, 1.1250000000000069, 1.125000000000005, 1.1250000000000058, 1.125000000000007, 1.1250000000000058, 1.1250000000000078, 1.125000000000007, 1.1250000000000084, 1.125000000000004, 1.1250000000000064, 1.125000000000007, 1.125000000000006, 1.1250000000000062, 1.1250000000000067, 1.1250000000000053, 1.1250000000000075, 1.125000000000008, 1.125000000000007, 1.125000000000006, 1.125000000000008, 1.1250000000000069, 1.1250000000000075, 1.1250000000000067, 1.1250000000000049, 1.1250000000000049, 1.1250000000000058, 1.1250000000000067, 1.125000000000006, 1.1250000000000067, 1.1250000000000078, 1.1250000000000073], "4": [1.1250000000000129, 1.1250000000000133, 1.1250000000000153, 1.1250000000000133, 1.1250000000000113, 1.1250000000000138, 1.1250000000000147, 1.1250000000000158, 1.1250000000000124, 1.125000000000013, 1.1250000000000133, 1.1250000000000118, 1.1250000000000135, 1.1250000000000133, 1.125000000000015, 1.125000000000014, 1.1250000000000133, 1.1250000000000129, 1.1250000000000133, 1.1250000000000118, 1.1250000000000129, 1.1250000000000138, 1.1250000000000162, 1.1250000000000144, 1.125000000000014, 1.1250000000000129, 1.1250000000000133, 1.1250000000000138, 1.1250000000000149, 1.1250000000000129, 1.1250000000000144, 1.1250000000000124, 1.1250000000000142, 1.1250000000000144, 1.1250000000000138, 1.1250000000000133, 1.1250000000000129, 1.125000000000013, 1.1250000000000118, 1.1250000000000147, 1.1250000000000124, 1.125000000000014, 1.1250000000000135, 1.125000000000013, 1.1250000000000158, 1.125000000000014, 1.1250000000000144, 1.1250000000000149, 1.1250000000000142, 1.125000000000013], "8": [1.1250000000000224, 1.1250000000000209, 1.1250000000000207, 1.1250000000000204, 1.125000000000022, 1.125000000000021, 1.1250000000000195, 1.1250000000000202, 1.1250000000000195, 1.12500000000002, 1.1250000000000209, 1.1250000000000193, 1.1250000000000209, 1.1250000000000193, 1.1250000000000215, 1.1250000000000209, 1.12500000000002, 1.1250000000000198, 1.125000000000022, 1.1250000000000198, 1.1250000000000195, 1.125000000000021, 1.125000000000022, 1.1250000000000213, 1.1250000000000207, 1.1250000000000198, 1.1250000000000222, 1.1250000000000204, 1.1250000000000204, 1.1250000000000204, 1.1250000000000218, 1.125000000000019, 1.1250000000000198, 1.1250000000000193, 1.1250000000000218, 1.1250000000000204, 1.125000000000021, 1.1250000000000187, 1.1250000000000184, 1.12500000000002, 1.1250000000000213, 1.1250000000000195, 1.125000000000019, 1.1250000000000198, 1.1250000000000224, 1.1250000000000215, 1.1250000000000202, 1.12500000000002, 1.1250000000000195, 1.1250000000000218]}, "reverse_linear": {"1": [1.1250000000000022, 1.1250000000000029, 1.1250000000000027, 1.1250000000000047, 1.125000000000004, 1.1250000000000024, 1.1250000000000038, 1.125000000000003, 1.1250000000000022, 1.125000000000004, 1.1250000000000044, 1.125000000000002, 1.125000000000002, 1.1250000000000029, 1.1250000000000042, 1.125000000000004, 1.125000000000004, 1.1250000000000027, 1.1250000000000042, 1.1250000000000056, 1.1250000000000027, 1.1250000000000038, 1.1250000000000038, 1.1250000000000033, 1.1250000000000024, 1.1250000000000029, 1.1250000000000029, 1.1250000000000033, 1.1250000000000036, 1.1250000000000036, 1.1250000000000038, 1.1250000000000022, 1.1250000000000029, 1.1250000000000047, 1.125000000000003, 1.1250000000000018, 1.1250000000000029, 1.1250000000000022, 1.1250000000000018, 1.1250000000000024, 1.1250000000000027, 1.1250000000000042, 1.1250000000000038, 1.125000000000004, 1.1250000000000018, 1.1250000000000033, 1.125000000000003, 1.1250000000000042, 1.1250000000000049, 1.125000000000003], "2": [1.1250000000000075, 1.1250000000000069, 1.1250000000000058, 1.1250000000000062, 1.125000000000007, 1.125000000000006, 1.1250000000000078, 1.1250000000000067, 1.1250000000000064, 1.1250000000000075, 1.1250000000000062, 1.1250000000000073, 1.1250000000000073, 1.125000000000005, 1.1250000000000053, 1.1250000000000067, 1.125000000000007, 1.1250000000000073, 1.1250000000000073, 1.1250000000000062, 1.1250000000000058, 1.1250000000000075, 1.1250000000000056, 1.1250000000000047, 1.1250000000000058, 1.1250000000000049, 1.1250000000000073, 1.1250000000000067, 1.1250000000000062, 1.1250000000000067, 1.125000000000006, 1.1250000000000053, 1.1250000000000064, 1.125000000000005, 1.1250000000000067, 1.1250000000000069, 1.125000000000006, 1.1250000000000042, 1.1250000000000073, 1.1250000000000089, 1.1250000000000062, 1.1250000000000067, 1.1250000000000069, 1.1250000000000078, 1.1250000000000075, 1.1250000000000078, 1.1250000000000062, 1.1250000000000075, 1.125000000000007, 1.1250000000000053], "4": [1.1250000000000124, 1.1250000000000153, 1.125000000000015, 1.1250000000000144, 1.125000000000015, 1.1250000000000135, 1.1250000000000107, 1.125000000000011, 1.1250000000000122, 1.1250000000000133, 1.1250000000000153, 1.125000000000013, 1.125000000000012, 1.125000000000014, 1.125000000000014, 1.1250000000000122, 1.1250000000000138, 1.1250000000000133, 1.1250000000000122, 1.1250000000000124, 1.1250000000000124, 1.1250000000000129, 1.125000000000014, 1.1250000000000138, 1.1250000000000115, 1.1250000000000135, 1.1250000000000149, 1.1250000000000169, 1.1250000000000133, 1.1250000000000124, 1.1250000000000144, 1.1250000000000138, 1.1250000000000138, 1.1250000000000147, 1.1250000000000124, 1.1250000000000124, 1.1250000000000142, 1.1250000000000144, 1.1250000000000135, 1.1250000000000133, 1.1250000000000147, 1.125000000000013, 1.1250000000000147, 1.1250000000000122, 1.1250000000000138, 1.1250000000000122, 1.1250000000000129, 1.1250000000000135, 1.1250000000000138, 1.1250000000000142], "8": [1.125000000000021, 1.1250000000000207, 1.1250000000000209, 1.1250000000000213, 1.1250000000000213, 1.125000000000021, 1.1250000000000209, 1.1250000000000226, 1.1250000000000207, 1.125000000000021, 1.1250000000000209, 1.1250000000000215, 1.1250000000000224, 1.1250000000000202, 1.1250000000000213, 1.125000000000019, 1.1250000000000222, 1.1250000000000213, 1.12500000000002, 1.1250000000000198, 1.1250000000000202, 1.1250000000000215, 1.1250000000000202, 1.1250000000000209, 1.1250000000000213, 1.1250000000000204, 1.1250000000000204, 1.12500000000002, 1.1250000000000204, 1.1250000000000198, 1.1250000000000209, 1.1250000000000215, 1.1250000000000209, 1.1250000000000198, 1.1250000000000218, 1.1250000000000204, 1.1250000000000195, 1.1250000000000218, 1.1250000000000213, 1.1250000000000198, 1.1250000000000213, 1.1250000000000195, 1.1250000000000207, 1.125000000000019, 1.1250000000000213, 1.1250000000000207, 1.1250000000000204, 1.1250000000000198, 1.1250000000000202, 1.1250000000000209]},