{"linear": {"1": {"eigenvalues": [4.021755168668312, 0.11803477143355849, 0.11803406836896288, 0.11803407073617021, 0.11803407267343967], "iters": [933, 1102, 1133, 1106, 717]}, "2": {"eigenvalues": [3.67818002004162e-07, 0.11817691309427068, 0.11804672440469394, 7.932890514336133e-07, 0.11805530780169499], "iters": [7605, 10000, 9666, 5485, 10000]}, "3": {"eigenvalues": [5.339451676772694e-06, 0.11803564582652211, 0.1180344759178994, 4.15102204061848e-05, 3.925256718061165e-06], "iters": [14842, 7664, 3717, 15000, 8659]}, "4": {"eigenvalues": [0.11803421147905932, 0.117865087194696, 6.2873980913591455e-06, 7.925921095251981e-06, 0.07119784905304673], "iters": [3090, 20000, 20000, 15607, 20000]}}, "reverse_linear": {"1": {"eigenvalues": [0.11803432267544614, 0.11803414549130184, 0.11803406467722882, 0.11803412316629175, 0.1180368822090148], "iters": [1400, 1067, 764, 1003, 1571]}, "2": {"eigenvalues": [0.11803458592510449, 0.11809217871499747, 0.1180439919378951, 0.11803435667438318, 0.11805263397280465], "iters": [2789, 10000, 10000, 1738, 8657]}, "3": {"eigenvalues": [0.11813864868613351, 0.11807311233560949, 0.11803433980396363, 0.11803717213053276, 4.074238183932562e-07], "iters": [15000, 15000, 3546, 10084, 4544]}, "4": {"eigenvalues": [0.11816857966186446, 0.11805981352131861, 0.11805964952331155, 0.11323520183686012, 0.07140272311207321], "iters": [20000, 20000, 20000, 20000, 20000]}}, "circular": {"1": {"eigenvalues": [0.11803406285195209, 0.11803412630405968, 1.1773315050198114, 1.1772625565889154, 0.11803407619161527], "iters": [1058, 1436, 5000, 3598, 1654]}, "2": {"eigenvalues": [4.3336057140861803e-07, 0.11803411515760273, 1.7997324727297173, 4.761311549373406e-07, 0.11807336677017458], "iters": [6158, 2358, 10000, 3554, 10000]}, "3": {"eigenvalues": [2.198100403976173e-06, 4.5922453154567655e-07, 0.11803422066667928, 0.11797870013853975, 1.177475678107042], "iters": [11020, 5567, 3136, 5027, 2030]}, "4": {"eigenvalues": [2.6860462749032906e-05, 1.6643522514496682e-06, 0.11803820385151517, 1.1184939379794927, 5.237359148227052e-07], "iters": [20000, 19526, 9416, 3150, 6439]}}, "sca": {"1": {"eigenvalues": [0.11803420215898526, 0.11803408963655955, 1.1772267811431976, 0.11803411997082065, 1.1773197320514868], "iters": [895, 1036, 2705, 1112, 5000]}, "2": {"eigenvalues": [0.11807444968939214, 0.11803471099130987, 0.11803435908187851, 0.11803430346360569, 0.1180489095247131], "iters": [10000, 3768, 2374, 2147, 6637]}, "3": {"eigenvalues": [0.11805101018558783, 0.11803505905897559, 1.7954031200616885, 0.11808820375635853, 0.11803515068367079], "iters": [13847, 6575, 4014, 15000, 5952]}, "4": {"eigenvalues": [5.896087140704776e-06, 0.1177884101905764, 0.00025231569171204954, 0.11803690589785382, 1.7465178401780448], "iters": [20000, 20000, 20000, 8952, 5685]}}}