{"linear": {"1": {"eigenvalues": [4.021755168668312, 0.11803477143355849, 0.11803406836896288, 0.11803407073617021, 0.11803407267343967, 0.1180345270109284, 0.11803447141172548, 0.11805403497570446, 0.11803412291220584, 0.11803409119562541], "iters": [933, 1102, 1133, 1106, 717, 2581, 2221, 5000, 1082, 977]}, "2": {"eigenvalues": [3.67818002004162e-07, 0.11817691309427068, 0.11804672440469394, 7.932890514336133e-07, 0.11805530780169499, 0.1180974941104238, 0.11804333276317353, 0.11806334778036393, 0.1180342152779938, 4.717550202322194e-06], "iters": [7605, 10000, 9666, 5485, 10000, 10000, 8581, 6197, 2035, 10000]}, "3": {"eigenvalues": [5.339451676772694e-06, 0.11803564582652211, 0.1180344759178994, 4.15102204061848e-05, 3.925256718061165e-06, 3.470922718806937e-06, 0.11803439201326014, 0.11803791430770681, 1.1182787092486335, 0.11806562563985477], "iters": [14842, 7664, 3717, 15000, 8659, 9945, 5838, 12445, 15000, 15000]}, "4": {"eigenvalues": [0.11803421147905932, 0.117865087194696, 6.2873980913591455e-06, 7.925921095251981e-06, 0.07119784905304673, 0.11797055907558576, 8.556960483214321e-05, 0.11716018095789325, 0.11804918897335587, 3.8119377010462456e-06], "iters": [3090, 20000, 20000, 15607, 20000, 20000, 20000, 20000, 20000, 6929]}}, "reverse_linear": {"1": {"eigenvalues": [0.11803432267544614, 0.11803414549130184, 0.11803406467722882, 0.11803412316629175, 0.1180368822090148, 0.11803421589487312, 0.11803404949496807, 0.1180341241619261, 0.11803423357438866, 0.11803418261549874], "iters": [1400, 1067, 764, 1003, 1571, 1633, 1106, 1272, 1129, 1146]}, "2": {"eigenvalues": [0.11803458592510449, 0.11809217871499747, 0.1180439919378951, 0.11803435667438318, 0.11805263397280465, 0.11803530828312188, 0.11803436909225418, 0.11803461902320396, 0.11803436042546203, 0.11804040782119067], "iters": [2789, 10000, 10000, 1738, 8657, 3409, 1935, 2094, 2064, 2970]}, "3": {"eigenvalues": [0.11813864868613351, 0.11807311233560949, 0.11803433980396363, 0.11803717213053276, 4.074238183932562e-07, 0.11806070107288962, 0.11805986001757139, 0.11811098833106812, 0.11804811243041981, 0.11807725484612917], "iters": [15000, 15000, 3546, 10084, 4544, 15000, 15000, 15000, 9059, 15000]}, "4": {"eigenvalues": [0.11816857966186446, 0.11805981352131861, 0.11805964952331155, 0.11323520183686012, 0.07140272311207321, 0.11806431368137506, 0.11804867541099748, 0.11803438454523682, 0.1180377234028519, 0.0017455927541419165], "iters": [20000, 20000, 20000, 20000, 20000, 9277, 16238, 5386, 13113, 20000]}}, "circular": {"1": {"eigenvalues": [0.11803406285195209, 0.11803412630405968, 1.1773315050198114, 1.1772625565889154, 0.11803407619161527, 0.11803408712946117, 0.11803406981613754, 1.1770573207938864, 1.1773603942768227, 0.11803417420205893], "iters": [1058, 1436, 5000, 3598, 1654, 808, 1142, 1191, 5000, 1384]}, "2": {"eigenvalues": [4.3336057140861803e-07, 0.11803411515760273, 1.7997324727297173, 4.761311549373406e-07, 0.11807336677017458, 0.618034114965197, 0.11803434344188364, 0.11803412486922579, 7.857797830487481e-08, 0.6180340536693314], "iters": [6158, 2358, 10000, 3554, 10000, 2917, 2993, 6700, 1546, 1912]}, "3": {"eigenvalues": [2.198100403976173e-06, 4.5922453154567655e-07, 0.11803422066667928, 0.11797870013853975, 1.177475678107042, 0.08773771619874934, 3.494066069209502e-07, 1.1770656152553043, 6.783044392835669e-06, 0.11804519012684517], "iters": [11020, 5567, 3136, 5027, 2030, 15000, 3674, 5011, 8918, 8320]}, "4": {"eigenvalues": [2.6860462749032906e-05, 1.6643522514496682e-06, 0.11803820385151517, 1.1184939379794927, 5.237359148227052e-07, 2.725383251230675e-07, 1.2467342785844382e-06, 0.10895651332649478, 0.11804710782414989, 0.11803770549422568], "iters": [20000, 19526, 9416, 3150, 6439, 3973, 11651, 20000, 17448, 11377]}}, "sca": {"1": {"eigenvalues": [0.11803420215898526, 0.11803408963655955, 1.1772267811431976, 0.11803411997082065, 1.1773197320514868, 1.1768686129527743, 0.11803418864243885, 4.021760989227295, 0.1180343447490539, 1.177277047519787], "iters": [895, 1036, 2705, 1112, 5000, 5000, 1353, 2579, 1082, 1316]}, "2": {"eigenvalues": [0.11807444968939214, 0.11803471099130987, 0.11803435908187851, 0.11803430346360569, 0.1180489095247131, 4.910669776592788e-07, 0.1180358081392543, 0.11803418370038353, 1.0061361131114545e-07, 0.11803463157100783], "iters": [10000, 3768, 2374, 2147, 6637, 5381, 3437, 3150, 1695, 3166]}, "3": {"eigenvalues": [0.11805101018558783, 0.11803505905897559, 1.7954031200616885, 0.11808820375635853, 0.11803515068367079, 0.11810142336342472, 0.11763916506176, 9.034541906360221e-07, 0.11806116394605673, 0.11803440933940851], "iters": [13847, 6575, 4014, 15000, 5952, 15000, 15000, 10789, 14592, 3622]}, "4": {"eigenvalues": [5.896087140704776e-06, 0.1177884101905764, 0.00025231569171204954, 0.11803690589785382, 1.7465178401780448, 0.11807514439297997, 0.11804330852589096, 0.11801881798571759, 5.5507555999965925e-05, 0.11803473141229037], "iters": [20000, 20000, 20000, 8952, 5685, 20000, 9957, 4570, 20000, 5731]}}}